set dateformat dmy

/**************************************
*
*		INSERTION CLIENTS
*
***************************************/
insert into Client (Nom, Adresse, Telephone, NoCarte, TypeCarte, DateExp, Solde_Du) values ('Cynthia Fisher', '6623 Buena Vista Street', '8114725195', '3547581816408689', 'jcb', '22/11/2017', 290.12)
insert into Client (Nom, Adresse, Telephone, NoCarte, TypeCarte, DateExp, Solde_Du) values ('Wayne Graham', '3537 Dakota Lane', '2109278746', '3052130483342845', 'crédit', '17/3/2017', 90.54)
insert into Client (Nom, Adresse, Telephone, NoCarte, TypeCarte, DateExp, Solde_Du) values ('Dorothy Greene', '05085 Golden Leaf Point', '1147823895', '3584959834039450', 'jcb', '29/11/2017', 520.80)
insert into Client (Nom, Adresse, Telephone, NoCarte, TypeCarte, DateExp, Solde_Du) values ('Kathleen Little', '89 Moland Point', '3055812227', '5018002754715135', 'maestro', '23/6/2017', 343.11)
insert into Client (Nom, Adresse, Telephone, NoCarte, TypeCarte, DateExp, Solde_Du) values ('Donald Lewis', '4892 Nobel Lane', '7289329792', '4405599845002256', 'crédit', '23/1/2017', 308.52)
insert into Client (Nom, Adresse, Telephone, NoCarte, TypeCarte, DateExp, Solde_Du) values ('Albert Allen', '371 Boyd Terrace', '6985611834', '4530376330779222', 'crédit', '30/3/2017', 419.04)
insert into Client (Nom, Adresse, Telephone, NoCarte, TypeCarte, DateExp, Solde_Du) values ('Craig Chapman', '9406 Steensland Road', '5895931993', '3550960021100311', 'jcb', '21/2/2017', 591.98)
insert into Client (Nom, Adresse, Telephone, NoCarte, TypeCarte, DateExp, Solde_Du) values ('Scott Day', '5371 Ridgeview Center', '7999030465', '5566185776579033', 'mastercard', '28/12/2017', 468.36)
insert into Client (Nom, Adresse, Telephone, NoCarte, TypeCarte, DateExp, Solde_Du) values ('Shawn Harper', '674 Anthes Parkway', '8799982077', '3706788396612905', 'crédit', '19/1/2017', 347.11)
insert into Client (Nom, Adresse, Telephone, NoCarte, TypeCarte, DateExp, Solde_Du) values ('Ralph Hansen', '875 Roxbury Trail', '9335627334', '3534643744440609', 'jcb', '12/3/2017', 242.50)
insert into Client (Nom, Adresse, Telephone, NoCarte, TypeCarte, DateExp, Solde_Du) values ('Doris Andrews', '80855 Larry Crossing', '4385511178', '6334386515729014', 'solo', '7/5/2017', 334.15)
insert into Client (Nom, Adresse, Telephone, NoCarte, TypeCarte, DateExp, Solde_Du) values ('Tina Ray', '0708 Sherman Place', '1564841885', '3538200907555941', 'jcb', '17/3/2017', 306.65)
insert into Client (Nom, Adresse, Telephone, NoCarte, TypeCarte, DateExp, Solde_Du) values ('Robert Knight', '8 Pennsylvania Alley', '1868721224', '5602214415948973', 'bankcard', '6/7/2017', 658.38)
insert into Client (Nom, Adresse, Telephone, NoCarte, TypeCarte, DateExp, Solde_Du) values ('Michelle Dean', '88 Glendale Trail', '1815665317', '3576749229371547', 'jcb', '11/5/2017', 665.90)
insert into Client (Nom, Adresse, Telephone, NoCarte, TypeCarte, DateExp, Solde_Du) values ('Kenneth Stewart', '452 Anderson Plaza', '7018469229', '3543321363350800', 'jcb', '12/5/2017', 189.95)
insert into Client (Nom, Adresse, Telephone, NoCarte, TypeCarte, DateExp, Solde_Du) values ('Emily Wells', '1442 Maywood Hill', '3442267600', '5020548811483943', 'maestro', '28/7/2017', 4.12)
insert into Client (Nom, Adresse, Telephone, NoCarte, TypeCarte, DateExp, Solde_Du) values ('Marilyn Snyder', '3121 Bartelt Way', '6687968585', '3589820335563395', 'jcb', '3/2/2017', 511.38)
insert into Client (Nom, Adresse, Telephone, NoCarte, TypeCarte, DateExp, Solde_Du) values ('Catherine Crawford', '612 Monterey Point', '1908164963', '3540836881199176', 'jcb', '30/7/2017', 302.93)
insert into Client (Nom, Adresse, Telephone, NoCarte, TypeCarte, DateExp, Solde_Du) values ('Rebecca Boyd', '91 Buena Vista Court', '3075761205', '3380518490688586', 'switch', '10/7/2017', 540.26)
insert into Client (Nom, Adresse, Telephone, NoCarte, TypeCarte, DateExp, Solde_Du) values ('Carolyn Gonzales', '09 Russell Parkway', '2351203574', '6378388981456478', 'crédit', '26/7/2017', 468.36)
insert into Client (Nom, Adresse, Telephone, NoCarte, TypeCarte, DateExp, Solde_Du) values ('Julia Graham', '396 Anniversary Circle', '8062352324', '6221088177661100', 'maestro', '6/3/2017', 218.77)
insert into Client (Nom, Adresse, Telephone, NoCarte, TypeCarte, DateExp, Solde_Du) values ('Jennifer Stevens', '961 Emmet Parkway', '7058831946', '4913731575219363', 'visaelectron', '30/10/2017', 347.70)
insert into Client (Nom, Adresse, Telephone, NoCarte, TypeCarte, DateExp, Solde_Du) values ('Julia Hanson', '4379 Vahlen Hill', '6541467454', '4530466293894272', 'crédit', '28/1/2017', 698.52)
insert into Client (Nom, Adresse, Telephone, NoCarte, TypeCarte, DateExp, Solde_Du) values ('Judy Willis', '000 Sachtjen Road', '1343008699', '5602256435491146', 'bankcard', '12/4/2017', 326.19)
insert into Client (Nom, Adresse, Telephone, NoCarte, TypeCarte, DateExp, Solde_Du) values ('Ralph Fernandez', '37 Elgar Road', '5572613236', '4530373834767555', 'crédit', '11/3/2017', 365.47)
insert into Client (Nom, Adresse, Telephone, NoCarte, TypeCarte, DateExp, Solde_Du) values ('Denise Carpenter', '77 Onsgard Terrace', '5717249556', '9309057289284572', 'maestro', '18/8/2017', 108.38)
insert into Client (Nom, Adresse, Telephone, NoCarte, TypeCarte, DateExp, Solde_Du) values ('Janice Jackson', '2 Starling Pass', '2043068781', '4893019072032903', 'crédit', '26/4/2017', 756.33)
insert into Client (Nom, Adresse, Telephone, NoCarte, TypeCarte, DateExp, Solde_Du) values ('Brenda Shaw', '839 Everett Park', '7069503140', '3581068841696196', 'jcb', '4/5/2017', 15.79)
insert into Client (Nom, Adresse, Telephone, NoCarte, TypeCarte, DateExp, Solde_Du) values ('Tammy Wheeler', '30 Nelson Place', '4221347940', '3531809652672060', 'jcb', '8/11/2017', 352.72)
insert into Client (Nom, Adresse, Telephone, NoCarte, TypeCarte, DateExp, Solde_Du) values ('Jeremy Robertson', '27 Dahle Lane', '7119181937', '3543488711045646', 'jcb', '2/4/2017', 418.90)
insert into Client (Nom, Adresse, Telephone, NoCarte, TypeCarte, DateExp, Solde_Du) values ('Michelle Reyes', '88 Talisman Terrace', '8081254038', '3535611954866937', 'jcb', '29/1/2017', 360.62)
insert into Client (Nom, Adresse, Telephone, NoCarte, TypeCarte, DateExp, Solde_Du) values ('Richard Watson', '5422 Jana Drive', '5472253064', '3582642028654340', 'jcb', '27/4/2017', 163.05)
insert into Client (Nom, Adresse, Telephone, NoCarte, TypeCarte, DateExp, Solde_Du) values ('Stephanie Holmes', '65025 Northridge Terrace', '9057807901', '4853008363561765', 'crédit', '23/10/2017', 524.17)
insert into Client (Nom, Adresse, Telephone, NoCarte, TypeCarte, DateExp, Solde_Du) values ('Harry Cox', '5982 Doe Crossing Center', '6317577696', '3576483412264711', 'jcb', '13/8/2017', 34.51)
insert into Client (Nom, Adresse, Telephone, NoCarte, TypeCarte, DateExp, Solde_Du) values ('Wayne Cunningham', '04347 Autumn Leaf Park', '5432152838', '8315235477188675', 'maestro', '5/1/2017', 116.53)
insert into Client (Nom, Adresse, Telephone, NoCarte, TypeCarte, DateExp, Solde_Du) values ('Denise Peterson', '9672 Mcbride Trail', '2285980531', '5602255974029800', 'crédit', '22/11/2017', 629.96)
insert into Client (Nom, Adresse, Telephone, NoCarte, TypeCarte, DateExp, Solde_Du) values ('Randy Washington', '5933 Londonderry Junction', '3954680433', '6630339594595593', 'crédit', '22/4/2017', 451.61)
insert into Client (Nom, Adresse, Telephone, NoCarte, TypeCarte, DateExp, Solde_Du) values ('George Diaz', '843 Grover Circle', '6288539157', '5602258841263309', 'bankcard', '5/7/2017', 39.91)
insert into Client (Nom, Adresse, Telephone, NoCarte, TypeCarte, DateExp, Solde_Du) values ('Douglas Jacobs', '04 Union Hill', '9493796813', '3563771785575886', 'jcb', '3/10/2017', 295.58)
insert into Client (Nom, Adresse, Telephone, NoCarte, TypeCarte, DateExp, Solde_Du) values ('Evelyn Bennett', '5870 Grasskamp Park', '8885956058', '3563660644162202', 'jcb', '1/2/2017', 513.52)
insert into Client (Nom, Adresse, Telephone, NoCarte, TypeCarte, DateExp, Solde_Du) values ('Jack Moore', '4 Crest Line Alley', '3924536887', '5411739598707649', 'mastercard', '2/7/2017', 23.56)
insert into Client (Nom, Adresse, Telephone, NoCarte, TypeCarte, DateExp, Solde_Du) values ('Raymond Lee', '1 Kingsford Drive', '8343134975', '3563772601087544', 'jcb', '8/11/2017', 172.46)
insert into Client (Nom, Adresse, Telephone, NoCarte, TypeCarte, DateExp, Solde_Du) values ('Carolyn Lewis', '938 Pierstorff Point', '3418675269', '5610268264116017', 'bankcard', '11/3/2017', 736.75)
insert into Client (Nom, Adresse, Telephone, NoCarte, TypeCarte, DateExp, Solde_Du) values ('Charles Palmer', '0494 Chinook Center', '8471766055', '3557496215732950', 'jcb', '29/12/2017', 314.52)
insert into Client (Nom, Adresse, Telephone, NoCarte, TypeCarte, DateExp, Solde_Du) values ('Eugene Shaw', '4 Dovetail Street', '9916112519', '4246291890771841', 'maestro', '10/6/2017', 601.73)
insert into Client (Nom, Adresse, Telephone, NoCarte, TypeCarte, DateExp, Solde_Du) values ('Shirley King', '5 Shopko Avenue', '3532923962', '3017434647768744', 'crédit', '18/5/2017', 410.04)
insert into Client (Nom, Adresse, Telephone, NoCarte, TypeCarte, DateExp, Solde_Du) values ('Denise Baker', '20555 Bartelt Terrace', '8188164638', '4430294985075012', 'crédit', '31/10/2017', 26.78)
insert into Client (Nom, Adresse, Telephone, NoCarte, TypeCarte, DateExp, Solde_Du) values ('Helen Lopez', '0857 Grover Trail', '5121473375', '3558766066470135', 'jcb', '21/4/2017', 124.78)
insert into Client (Nom, Adresse, Telephone, NoCarte, TypeCarte, DateExp, Solde_Du) values ('Beverly Bradley', '030 Monument Street', '9933811552', '0604363887804591', 'maestro', '28/9/2017', 125.54)
insert into Client (Nom, Adresse, Telephone, NoCarte, TypeCarte, DateExp, Solde_Du) values ('Rachel Long', '19 Cardinal Road', '4985921944', '3569515119649923', 'jcb', '29/1/2017', 461.17)
insert into Client (Nom, Adresse, Telephone, NoCarte, TypeCarte, DateExp, Solde_Du) values ('Harold Perkins', '2 Birchwood Pass', '4886223293', '3578040190871949', 'jcb', '4/3/2017', 482.96)
insert into Client (Nom, Adresse, Telephone, NoCarte, TypeCarte, DateExp, Solde_Du) values ('Shirley Griffin', '675 Myrtle Point', '6172838767', '6331108661527029', 'switch', '18/1/2017', 125.40)
insert into Client (Nom, Adresse, Telephone, NoCarte, TypeCarte, DateExp, Solde_Du) values ('Walter Dunn', '309 Lake View Park', '8703091552', '3583802526491715', 'jcb', '14/11/2017', 99.55)	


/**************************************
*
*		INSERTION TYPECHAM
*
***************************************/
INSERT INTO TypeCham(CodTypCham, DescTyp, NbDispo) VALUES ('1J','1 LIT JUMEAU','1')
INSERT INTO TypeCham(CodTypCham, DescTyp, NbDispo) VALUES ('2J','2 LITS JUMEAUX','1')
INSERT INTO TypeCham(CodTypCham, DescTyp, NbDispo) VALUES ('1D','1 LIT DOUBLE','1')
INSERT INTO TypeCham(CodTypCham, DescTyp, NbDispo) VALUES ('2D','2 LITS DOUBLE','1')
INSERT INTO TypeCham(CodTypCham, DescTyp, NbDispo) VALUES ('LQ','LIT QUEEN','1')
INSERT INTO TypeCham(CodTypCham, DescTyp, NbDispo) VALUES ('LK','LIT KING','1')
INSERT INTO TypeCham(CodTypCham, DescTyp, NbDispo) VALUES ('ST','SUITE','1')
INSERT INTO TypeCham(CodTypCham, DescTyp, NbDispo) VALUES ('SR','SALLE RÉCEPTION','1')

/**************************************
*
*		INSERTION COMMODITE
*
***************************************/
INSERT INTO COMMODITE(CodCom, DescCom) VALUES ('AS', 'STANDARD')
INSERT INTO COMMODITE(CodCom, DescCom) VALUES ('AF', 'FAMILIALE')
INSERT INTO COMMODITE(CodCom, DescCom) VALUES ('AP', 'PENTHOUSE')
INSERT INTO COMMODITE(CodCom, DescCom) VALUES ('BA', 'AVEC BALCON')
INSERT INTO COMMODITE(CodCom, DescCom) VALUES ('BT', 'AVEC BAIN TOURBILLON')
INSERT INTO COMMODITE(CodCom, DescCom) VALUES ('CC', 'CHAMBRE COMMUNICANTE')
INSERT INTO COMMODITE(CodCom, DescCom) VALUES ('IN', 'INTERNET')
INSERT INTO COMMODITE(CodCom, DescCom) VALUES ('MB', 'MINIBAR')
INSERT INTO COMMODITE(CodCom, DescCom) VALUES ('HP', 'HANDICAPE')
INSERT INTO COMMODITE(CodCom, DescCom) VALUES ('NF', 'NON FUMEUR')
INSERT INTO COMMODITE(CodCom, DescCom) VALUES ('SG', 'SANS GRAVITÉ')



/**************************************
*
*		INSERTION LOCALISATION
*
***************************************/
INSERT INTO Localisation(CodLoc, DescLoc) VALUES ('AR','ARRIÈRE')
INSERT INTO Localisation(CodLoc, DescLoc) VALUES ('AS','PRÈS DE LASCENCEUR')
INSERT INTO Localisation(CodLoc, DescLoc) VALUES ('AV','AVANT')
INSERT INTO Localisation(CodLoc, DescLoc) VALUES ('VM','VUE SUR MER')
INSERT INTO Localisation(CodLoc, DescLoc) VALUES ('SM','PRÈS DE LA SALLE À MANGER')
INSERT INTO Localisation(CodLoc, DescLoc) VALUES ('SB','PRÈS DU BAR')


/**************************************
*
*		INSERTION CHAMBRE
*
***************************************/
INSERT INTO Chambre(NoCham, Etage, Prix, Etat, Memo, CodLoc, CodTypCham) VALUES ('0101','01','80','1','','AS','1J')
INSERT INTO Chambre(NoCham, Etage, Prix, Etat, Memo, CodLoc, CodTypCham) VALUES ('0102','01','80','1','','AS','2J')
INSERT INTO Chambre(NoCham, Etage, Prix, Etat, Memo, CodLoc, CodTypCham) VALUES ('0103','01','80','1','','AS','1D')
INSERT INTO Chambre(NoCham, Etage, Prix, Etat, Memo, CodLoc, CodTypCham) VALUES ('0104','01','80','1','','AS','2D')
INSERT INTO Chambre(NoCham, Etage, Prix, Etat, Memo, CodLoc, CodTypCham) VALUES ('0105','01','80','1','','AV','LQ')
INSERT INTO Chambre(NoCham, Etage, Prix, Etat, Memo, CodLoc, CodTypCham) VALUES ('0106','01','80','1','','AV','LK')
INSERT INTO Chambre(NoCham, Etage, Prix, Etat, Memo, CodLoc, CodTypCham) VALUES ('0107','01','80','1','','AR','ST')
INSERT INTO Chambre(NoCham, Etage, Prix, Etat, Memo, CodLoc, CodTypCham) VALUES ('0108','01','80','1','','AR','1J')
INSERT INTO Chambre(NoCham, Etage, Prix, Etat, Memo, CodLoc, CodTypCham) VALUES ('0109','01','80','1','','SM','2J')
INSERT INTO Chambre(NoCham, Etage, Prix, Etat, Memo, CodLoc, CodTypCham) VALUES ('0110','01','80','1','','SB','1D')

INSERT INTO Chambre(NoCham, Etage, Prix, Etat, Memo, CodLoc, CodTypCham) VALUES ('0201','02','100','1','','AS','2D')
INSERT INTO Chambre(NoCham, Etage, Prix, Etat, Memo, CodLoc, CodTypCham) VALUES ('0202','02','100','1','','AS','LQ')
INSERT INTO Chambre(NoCham, Etage, Prix, Etat, Memo, CodLoc, CodTypCham) VALUES ('0203','02','100','1','','AS','LK')
INSERT INTO Chambre(NoCham, Etage, Prix, Etat, Memo, CodLoc, CodTypCham) VALUES ('0204','02','100','1','','AS','ST')
INSERT INTO Chambre(NoCham, Etage, Prix, Etat, Memo, CodLoc, CodTypCham) VALUES ('0205','02','100','1','','AV','1J')
INSERT INTO Chambre(NoCham, Etage, Prix, Etat, Memo, CodLoc, CodTypCham) VALUES ('0206','02','100','1','','AV','2J')
INSERT INTO Chambre(NoCham, Etage, Prix, Etat, Memo, CodLoc, CodTypCham) VALUES ('0207','02','100','1','','AR','1D')
INSERT INTO Chambre(NoCham, Etage, Prix, Etat, Memo, CodLoc, CodTypCham) VALUES ('0208','02','100','1','','AR','2D')
INSERT INTO Chambre(NoCham, Etage, Prix, Etat, Memo, CodLoc, CodTypCham) VALUES ('0209','02','100','1','','VM','LQ')
INSERT INTO Chambre(NoCham, Etage, Prix, Etat, Memo, CodLoc, CodTypCham) VALUES ('0210','02','100','1','','VM','LK')

INSERT INTO Chambre(NoCham, Etage, Prix, Etat, Memo, CodLoc, CodTypCham) VALUES ('0301','03','120','1','','AS','ST')
INSERT INTO Chambre(NoCham, Etage, Prix, Etat, Memo, CodLoc, CodTypCham) VALUES ('0302','03','120','1','','AS','1J')
INSERT INTO Chambre(NoCham, Etage, Prix, Etat, Memo, CodLoc, CodTypCham) VALUES ('0303','03','120','1','','AS','2J')
INSERT INTO Chambre(NoCham, Etage, Prix, Etat, Memo, CodLoc, CodTypCham) VALUES ('0304','03','120','1','','AS','1D')
INSERT INTO Chambre(NoCham, Etage, Prix, Etat, Memo, CodLoc, CodTypCham) VALUES ('0305','03','120','1','','VM','2D')
INSERT INTO Chambre(NoCham, Etage, Prix, Etat, Memo, CodLoc, CodTypCham) VALUES ('0306','03','120','1','','VM','LQ')
INSERT INTO Chambre(NoCham, Etage, Prix, Etat, Memo, CodLoc, CodTypCham) VALUES ('0307','03','120','1','','AR','LK')
INSERT INTO Chambre(NoCham, Etage, Prix, Etat, Memo, CodLoc, CodTypCham) VALUES ('0308','03','120','1','','AR','ST')
INSERT INTO Chambre(NoCham, Etage, Prix, Etat, Memo, CodLoc, CodTypCham) VALUES ('0309','03','120','1','','AV','ST')
INSERT INTO Chambre(NoCham, Etage, Prix, Etat, Memo, CodLoc, CodTypCham) VALUES ('0310','03','120','1','','AV','LQ')


/**************************************
*
*		INSERTION RÉSERVATION
*
***************************************/
insert into Reservation (DateReser, DateDebut, DateFin, IdCli) values ('01/02/2017','02/02/2017' ,'05/02/2017', 1)


/**************************************
*
*		INSERTION TYPETRX
*
***************************************/
INSERT INTO TypeTrx(CodTypTrx,DescTrx,Nature) VALUES ('01','PRIX DE LA CHAMBRE','DB')
INSERT INTO TypeTrx(CodTypTrx,DescTrx,Nature) VALUES ('02','LIT ADDITIONNEL','DB')
INSERT INTO TypeTrx(CodTypTrx,DescTrx,Nature) VALUES ('03','TÉLÉPHONE INTERRUBAIN','DB')
INSERT INTO TypeTrx(CodTypTrx,DescTrx,Nature) VALUES ('04','PHOTOCOPIE','DB')
INSERT INTO TypeTrx(CodTypTrx,DescTrx,Nature) VALUES ('05','INTERNET','DB')
INSERT INTO TypeTrx(CodTypTrx,DescTrx,Nature) VALUES ('06','RESTAURANT','DB')
INSERT INTO TypeTrx(CodTypTrx,DescTrx,Nature) VALUES ('07','BAR TERRASSE','DB')
INSERT INTO TypeTrx(CodTypTrx,DescTrx,Nature) VALUES ('08','DÉPOT ARGENT','CR')
INSERT INTO TypeTrx(CodTypTrx,DescTrx,Nature) VALUES ('09','PAIEMENT','CR')


/**************************************
*
*		INSERTION TRX
*
***************************************/
insert into Trx (DateTrx, MontantTrx, Reportee, CodTypTrx, IdReser, NoCham, IdCli) values ('02/02/2017', 299.99, 0, '09', 1, '0101', 1)


/**************************************
*
*		INSERTION ARRIVE
*
***************************************/
insert into Arrive (DateArrive, IdCli, IdReser, NoCham) values ('02/02/2017', 1, 1, '0101')


/**************************************
*
*		INSERTION DEPART
*
***************************************/
insert into Depart (DateDepart, ConfirmerPar, IdReser, NoCham, IdCli) values ('05/02/2017', 'JJ', 1, '0101', 1)


/**************************************
*
*		INSERTION DE
*
***************************************/
insert into De (Attribue, IdReser, NoCham) values (1, 1, '0101')
--Il faut attribuer une réservertation / faire des réservations
/*insert into De (Attribue, IdReser, NoCham) values (0, 0, '0102')
insert into De (Attribue, IdReser, NoCham) values (0, 0, '0103')
insert into De (Attribue, IdReser, NoCham) values (0, 0, '0104')
insert into De (Attribue, IdReser, NoCham) values (0, 0, '0105')
insert into De (Attribue, IdReser, NoCham) values (0, 0, '0106')
insert into De (Attribue, IdReser, NoCham) values (0, 0, '0107')
insert into De (Attribue, IdReser, NoCham) values (0, 0, '0108')
insert into De (Attribue, IdReser, NoCham) values (0, 0, '0109')
insert into De (Attribue, IdReser, NoCham) values (0, 0, '1010')
insert into De (Attribue, IdReser, NoCham) values (0, 0, '0201')
insert into De (Attribue, IdReser, NoCham) values (0, 0, '0202')
insert into De (Attribue, IdReser, NoCham) values (0, 0, '0203')
insert into De (Attribue, IdReser, NoCham) values (0, 0, '0204')
insert into De (Attribue, IdReser, NoCham) values (0, 0, '0205')
insert into De (Attribue, IdReser, NoCham) values (0, 0, '0206')
insert into De (Attribue, IdReser, NoCham) values (0, 0, '0207')
insert into De (Attribue, IdReser, NoCham) values (0, 0, '0208')
insert into De (Attribue, IdReser, NoCham) values (0, 0, '0209')
insert into De (Attribue, IdReser, NoCham) values (0, 0, '0210')
insert into De (Attribue, IdReser, NoCham) values (0, 0, '0301')
insert into De (Attribue, IdReser, NoCham) values (0, 0, '0302')
insert into De (Attribue, IdReser, NoCham) values (0, 0, '0303')
insert into De (Attribue, IdReser, NoCham) values (0, 0, '0304')
insert into De (Attribue, IdReser, NoCham) values (0, 0, '0305')
insert into De (Attribue, IdReser, NoCham) values (0, 0, '0306')
insert into De (Attribue, IdReser, NoCham) values (0, 0, '0307')
insert into De (Attribue, IdReser, NoCham) values (0, 0, '0308')
insert into De (Attribue, IdReser, NoCham) values (0, 0, '0309')
insert into De (Attribue, IdReser, NoCham) values (0, 0, '0310')*/
/*
Dans l'insert des types de chambre : est-ce que le total des type dispo doit être = au total de chambre ?
*/			 	
						 		
						 		